Admin,admin,admin,admin1
Seller,Winter aespa,winter.ae,wawapapa,Available,0,21-10-2021 15:16:35,winter.ae.png,MineAE,5
Seller,Peppermint Butler,pepplerm,ppmbl00,Available,0,11-10-2021 23:42:31,pepplerm.png,My pepper store,0
Seller,Bubblegum PB,pb.gum,bubble123,Available,0,21-10-2021 15:36:01,pb.gum.png,Scity Lab,10
User,Be More,bmo.bmo,morethanM,Available,0,12-10-2021 20:50:24,bmo.bmo.png
User,Finn Human,finn.hmhm,hmhahaha,Banned,0,12-10-2021 17:03:39,finn.hmhm.png
Seller,Jake the dog,jake.doggy,jakewhoa,Banned,4,11-10-2021 23:34:29,jake.doggy.png,Jakey,0
User,Squidward,squid.ish,ishiishi,Available,0,12-10-2021 17:06:34,squid.ish.png
User,Scooby Doo,whereareyou,wruDoo,Available,0,-,whereareyou.png
Seller,ก๊อปปี้กุ๊กๆ,kanisont,123456,Available,0,21-10-2021 17:23:34,kanisont.png,คนขายหล่อ,0
User,อลัน,Alansheerer,fdsfdsadf,Available,0,17-10-2021 22:35:04,-
Seller,ออสติน' เทพซ่า,lnwAsutin,gfsddgzfd,Available,0,17-10-2021 22:54:05,-,AustinWorld,50
Seller,สมหญิง ยิงผัว,somyingkiller,dfasdfadsf,Available,0,17-10-2021 22:59:55,somyingkiller.png,แอบผัวมาขายค่าาา,0
User,อีเรียมแง้น,Eriemfast,jkgkjhkhgk,Available,0,17-10-2021 22:11:29,Eriemfast.png
User,หนุ่มมีสไตล์,Boyhasstyle,fhjhfghdt,Available,0,17-10-2021 22:08:49,Boyhasstyle.png
Seller,frame,nuttapong,123456,Available,0,21-10-2021 16:15:26,nuttapong.png,frame's,500
